# ************************************************************
# Sequel Pro SQL dump
# Version 4541
#
# http://www.sequelpro.com/
# https://github.com/sequelpro/sequelpro
#
# Host: localhost (MySQL 5.7.23)
# Database: quote
# Generation Time: 2020-02-08 7:57:58 PM +0000
# ************************************************************


/*!40101 SET @OLD_CHARACTER_SET_CLIENT=@@CHARACTER_SET_CLIENT */;
/*!40101 SET @OLD_CHARACTER_SET_RESULTS=@@CHARACTER_SET_RESULTS */;
/*!40101 SET @OLD_COLLATION_CONNECTION=@@COLLATION_CONNECTION */;
/*!40101 SET NAMES utf8 */;
/*!40014 SET @OLD_FOREIGN_KEY_CHECKS=@@FOREIGN_KEY_CHECKS, FOREIGN_KEY_CHECKS=0 */;
/*!40101 SET @OLD_SQL_MODE=@@SQL_MODE, SQL_MODE='NO_AUTO_VALUE_ON_ZERO' */;
/*!40111 SET @OLD_SQL_NOTES=@@SQL_NOTES, SQL_NOTES=0 */;


# Dump of table answers
# ------------------------------------------------------------

DROP TABLE IF EXISTS `answers`;

CREATE TABLE `answers` (
  `id` bigint(20) unsigned NOT NULL AUTO_INCREMENT,
  `answer` text COLLATE utf8mb4_unicode_ci NOT NULL,
  `correct` tinyint(1) NOT NULL,
  `quote_id` bigint(20) unsigned NOT NULL,
  `created_at` timestamp NULL DEFAULT NULL,
  `updated_at` timestamp NULL DEFAULT NULL,
  PRIMARY KEY (`id`),
  KEY `answers_quote_id_foreign` (`quote_id`),
  CONSTRAINT `answers_quote_id_foreign` FOREIGN KEY (`quote_id`) REFERENCES `quotes` (`id`) ON DELETE CASCADE
) ENGINE=InnoDB DEFAULT CHARSET=utf8mb4 COLLATE=utf8mb4_unicode_ci;

LOCK TABLES `answers` WRITE;
/*!40000 ALTER TABLE `answers` DISABLE KEYS */;

INSERT INTO `answers` (`id`, `answer`, `correct`, `quote_id`, `created_at`, `updated_at`)
VALUES
	(1,'Lonzo',0,1,NULL,NULL),
	(2,'Sofia',0,1,NULL,NULL),
	(3,'Thomas Edison',1,1,NULL,NULL),
	(4,'Carolina',0,2,NULL,NULL),
	(5,'Tod',0,2,NULL,NULL),
	(6,'Yogi Berra',1,2,NULL,NULL),
	(7,'Jaunita?',0,3,NULL,NULL),
	(8,'Emerson',0,4,NULL,NULL),
	(9,'Verda',0,4,NULL,NULL),
	(10,'Johann Wolfgang von Goethe',1,4,NULL,NULL),
	(11,'Madison?',0,5,NULL,NULL),
	(12,'Rafael',0,6,NULL,NULL),
	(13,'Aaliyah',0,6,NULL,NULL),
	(14,'Lao Tzu',1,6,NULL,NULL),
	(15,'Carl Sandburg?',1,7,NULL,NULL),
	(16,'Fred',0,8,NULL,NULL),
	(17,'Libbie',0,8,NULL,NULL),
	(18,'Aristotle',1,8,NULL,NULL),
	(19,'Yessenia',0,9,NULL,NULL),
	(20,'Tiffany',0,9,NULL,NULL),
	(21,'Yogi Berra',1,9,NULL,NULL),
	(22,'Margaret Sangster?',1,10,NULL,NULL),
	(23,'Brett',0,11,NULL,NULL),
	(24,'Coty',0,11,NULL,NULL),
	(25,'Buddha',1,11,NULL,NULL),
	(26,'Miles',0,12,NULL,NULL),
	(27,'Elwyn',0,12,NULL,NULL),
	(28,'Byron Pulsifer',1,12,NULL,NULL),
	(29,'Iris Murdoch?',1,13,NULL,NULL),
	(30,'Lisette',0,14,NULL,NULL),
	(31,'Merritt',0,14,NULL,NULL),
	(32,'Karen Clark',1,14,NULL,NULL),
	(33,'Wayne Dyer?',1,15,NULL,NULL),
	(34,'Unknown?',1,16,NULL,NULL),
	(35,'Unknown?',1,17,NULL,NULL),
	(36,'Alene',0,18,NULL,NULL),
	(37,'Burdette',0,18,NULL,NULL),
	(38,'Unknown',1,18,NULL,NULL),
	(39,'Bradley?',0,19,NULL,NULL),
	(40,'Judah',0,20,NULL,NULL),
	(41,'Layne',0,20,NULL,NULL),
	(42,'William Shakespeare',1,20,NULL,NULL),
	(43,'Henry J. Kaiser?',1,21,NULL,NULL),
	(44,'Shyanne',0,22,NULL,NULL),
	(45,'Ali',0,22,NULL,NULL),
	(46,'Publilius Syrus',1,22,NULL,NULL),
	(47,'Napoleon Hill?',1,23,NULL,NULL),
	(48,'Alessandra?',0,24,NULL,NULL),
	(49,'Giovanni',0,25,NULL,NULL),
	(50,'Gerhard',0,25,NULL,NULL),
	(51,'Lao Tzu',1,25,NULL,NULL),
	(52,'Marquis',0,26,NULL,NULL),
	(53,'Fanny',0,26,NULL,NULL),
	(54,'Benjamin Spock',1,26,NULL,NULL),
	(55,'Confucius?',1,27,NULL,NULL),
	(56,'Rashawn',0,28,NULL,NULL),
	(57,'Ulises',0,28,NULL,NULL),
	(58,'Unknown',1,28,NULL,NULL),
	(59,'Shirley',0,29,NULL,NULL),
	(60,'Chelsie',0,29,NULL,NULL),
	(61,'Sigmund Freud',1,29,NULL,NULL),
	(62,'Benjamin Franklin?',1,30,NULL,NULL),
	(63,'Verner',0,31,NULL,NULL),
	(64,'Cleve',0,31,NULL,NULL),
	(65,'Ella Williams',1,31,NULL,NULL),
	(66,'Geovanny?',0,32,NULL,NULL),
	(67,'Velva',0,33,NULL,NULL),
	(68,'Jazmyn',0,33,NULL,NULL),
	(69,'Benjamin Franklin',1,33,NULL,NULL),
	(70,'Larissa',0,34,NULL,NULL),
	(71,'Maribel',0,34,NULL,NULL),
	(72,'Christopher Reeve',1,34,NULL,NULL),
	(73,'Dasia',0,35,NULL,NULL),
	(74,'Velma',0,35,NULL,NULL),
	(75,'Albert Einstein',1,35,NULL,NULL),
	(76,'Dayna?',0,36,NULL,NULL),
	(77,'Merritt',0,37,NULL,NULL),
	(78,'Abagail',0,37,NULL,NULL),
	(79,'Unknown',1,37,NULL,NULL),
	(80,'Rosetta?',0,38,NULL,NULL),
	(81,'Della',0,39,NULL,NULL),
	(82,'Else',0,39,NULL,NULL),
	(83,'Socrates',1,39,NULL,NULL),
	(84,'Karen?',0,40,NULL,NULL),
	(85,'John Wooden?',1,41,NULL,NULL),
	(86,'Kimberly',0,42,NULL,NULL),
	(87,'Dillon',0,42,NULL,NULL),
	(88,'Haddon Robinson',1,42,NULL,NULL),
	(89,'Pearl Buck?',1,43,NULL,NULL),
	(90,'Dolly?',0,44,NULL,NULL),
	(91,'Leonardo da Vinci?',1,45,NULL,NULL),
	(92,'Madisen',0,46,NULL,NULL),
	(93,'Tania',0,46,NULL,NULL),
	(94,'Dalai Lama',1,46,NULL,NULL),
	(95,'Rudy',0,47,NULL,NULL),
	(96,'Americo',0,47,NULL,NULL),
	(97,'Chinese proverb',1,47,NULL,NULL),
	(98,'Thora?',0,48,NULL,NULL),
	(99,'Socrates?',1,49,NULL,NULL),
	(100,'Betty',0,50,NULL,NULL),
	(101,'Betty',0,50,NULL,NULL),
	(102,'Larry Elder',1,50,NULL,NULL),
	(103,'Daniela',0,51,NULL,NULL),
	(104,'Rey',0,51,NULL,NULL),
	(105,'Michael Korda',1,51,NULL,NULL),
	(106,'Larissa',0,52,NULL,NULL),
	(107,'Raul',0,52,NULL,NULL),
	(108,'Albert Einstein',1,52,NULL,NULL),
	(109,'James Lowell?',1,53,NULL,NULL),
	(110,'Juliana',0,54,NULL,NULL),
	(111,'Nella',0,54,NULL,NULL),
	(112,'Yoda',1,54,NULL,NULL),
	(113,'Delbert',0,55,NULL,NULL),
	(114,'Brad',0,55,NULL,NULL),
	(115,'Harriet Beecher Stowe',1,55,NULL,NULL),
	(116,'Eleanore',0,56,NULL,NULL),
	(117,'Matteo',0,56,NULL,NULL),
	(118,'Byron Pulsifer',1,56,NULL,NULL),
	(119,'Drake?',0,57,NULL,NULL),
	(120,'John Lennon?',1,58,NULL,NULL),
	(121,'Napoleon Hill?',1,59,NULL,NULL),
	(122,'Zelma?',0,60,NULL,NULL),
	(123,'Adalberto?',0,61,NULL,NULL),
	(124,'Napoleon Hill?',1,62,NULL,NULL),
	(125,'Mateo',0,63,NULL,NULL),
	(126,'Moshe',0,63,NULL,NULL),
	(127,'Socrates',1,63,NULL,NULL),
	(128,'Baltasar Gracian?',1,64,NULL,NULL),
	(129,'Anastacio?',0,65,NULL,NULL),
	(130,'Stacy',0,66,NULL,NULL),
	(131,'Noble',0,66,NULL,NULL),
	(132,'Byron Pulsifer',1,66,NULL,NULL),
	(133,'Byron Pulsifer?',1,67,NULL,NULL),
	(134,'Lucas?',0,68,NULL,NULL),
	(135,'African proverb?',1,69,NULL,NULL),
	(136,'Nella',0,70,NULL,NULL),
	(137,'Dejah',0,70,NULL,NULL),
	(138,'Wayne Dyer',1,70,NULL,NULL),
	(139,'Jeffery',0,71,NULL,NULL),
	(140,'Margot',0,71,NULL,NULL),
	(141,'Cullen Hightower',1,71,NULL,NULL),
	(142,'Albert Einstein?',1,72,NULL,NULL),
	(143,'Westley',0,73,NULL,NULL),
	(144,'Lysanne',0,73,NULL,NULL),
	(145,'Ralph Emerson',1,73,NULL,NULL),
	(146,'Ernesto?',0,74,NULL,NULL),
	(147,'Delaney',0,75,NULL,NULL),
	(148,'Sabryna',0,75,NULL,NULL),
	(149,'Maya Angelou',1,75,NULL,NULL),
	(150,'Abraham Lincoln?',1,76,NULL,NULL),
	(151,'Richard Evans?',1,77,NULL,NULL),
	(152,'Maya Angelou?',1,78,NULL,NULL),
	(153,'Denis',0,79,NULL,NULL),
	(154,'Eileen',0,79,NULL,NULL),
	(155,'Ralph Emerson',1,79,NULL,NULL),
	(156,'Ralph Emerson?',1,80,NULL,NULL),
	(157,'Retta',0,81,NULL,NULL),
	(158,'Caroline',0,81,NULL,NULL),
	(159,'Bodhidharma',1,81,NULL,NULL),
	(160,'Mireille',0,82,NULL,NULL),
	(161,'Zion',0,82,NULL,NULL),
	(162,'Johann Wolfgang von Goethe',1,82,NULL,NULL),
	(163,'Michelangelo?',1,83,NULL,NULL),
	(164,'Marisa?',0,84,NULL,NULL),
	(165,'Aurelia',0,85,NULL,NULL),
	(166,'Immanuel',0,85,NULL,NULL),
	(167,'Leo Tolstoy',1,85,NULL,NULL),
	(168,'Lao Tzu?',1,86,NULL,NULL),
	(169,'Buddha?',1,87,NULL,NULL),
	(170,'Olga',0,88,NULL,NULL),
	(171,'Dorthy',0,88,NULL,NULL),
	(172,'Chinese proverb',1,88,NULL,NULL),
	(173,'Piper?',0,89,NULL,NULL),
	(174,'Jeramie',0,90,NULL,NULL),
	(175,'Katrine',0,90,NULL,NULL),
	(176,'Unknown',1,90,NULL,NULL),
	(177,'Sabryna',0,91,NULL,NULL),
	(178,'Anderson',0,91,NULL,NULL),
	(179,'Unknown',1,91,NULL,NULL),
	(180,'Providenci?',0,92,NULL,NULL),
	(181,'Tremaine?',0,93,NULL,NULL),
	(182,'Terence?',0,94,NULL,NULL),
	(183,'Pattie?',0,95,NULL,NULL),
	(184,'Candace?',0,96,NULL,NULL),
	(185,'Felicita',0,97,NULL,NULL),
	(186,'Ewald',0,97,NULL,NULL),
	(187,'Richard Bach',1,97,NULL,NULL),
	(188,'Seneca?',1,98,NULL,NULL),
	(189,'Ayana',0,99,NULL,NULL),
	(190,'Marlon',0,99,NULL,NULL),
	(191,'Napoleon Bonaparte',1,99,NULL,NULL),
	(192,'Kiarra',0,100,NULL,NULL),
	(193,'Kayley',0,100,NULL,NULL),
	(194,'Christopher Reeve',1,100,NULL,NULL),
	(195,'William Shakespeare?',1,101,NULL,NULL),
	(196,'Zora',0,102,NULL,NULL),
	(197,'Makenzie',0,102,NULL,NULL),
	(198,'Richard Bach',1,102,NULL,NULL),
	(199,'Margarita',0,103,NULL,NULL),
	(200,'Arnoldo',0,103,NULL,NULL),
	(201,'Napoleon Hill',1,103,NULL,NULL),
	(202,'Jazlyn?',0,104,NULL,NULL),
	(203,'Bo Jackson?',1,105,NULL,NULL),
	(204,'Raymundo',0,106,NULL,NULL),
	(205,'Lilian',0,106,NULL,NULL),
	(206,'Thomas Edison',1,106,NULL,NULL),
	(207,'Unknown?',1,107,NULL,NULL),
	(208,'Mina?',0,108,NULL,NULL),
	(209,'Liberace?',1,109,NULL,NULL),
	(210,'Mauricio?',0,110,NULL,NULL),
	(211,'Linda',0,111,NULL,NULL),
	(212,'Eloisa',0,111,NULL,NULL),
	(213,'William Arthur Ward',1,111,NULL,NULL),
	(214,'Seneca?',1,112,NULL,NULL),
	(215,'Ivory?',0,113,NULL,NULL),
	(216,'Margaret',0,114,NULL,NULL),
	(217,'Maye',0,114,NULL,NULL),
	(218,'Unknown',1,114,NULL,NULL),
	(219,'Lavern',0,115,NULL,NULL),
	(220,'Ardith',0,115,NULL,NULL),
	(221,'Murray Gell-Mann',1,115,NULL,NULL),
	(222,'Stan',0,116,NULL,NULL),
	(223,'Deangelo',0,116,NULL,NULL),
	(224,'Aristotle',1,116,NULL,NULL),
	(225,'William Shakespeare?',1,117,NULL,NULL),
	(226,'Kyla?',0,118,NULL,NULL),
	(227,'Albert Schweitzer?',1,119,NULL,NULL),
	(228,'Halle',0,120,NULL,NULL),
	(229,'Katarina',0,120,NULL,NULL),
	(230,'Unknown',1,120,NULL,NULL),
	(231,'Alphonso',0,121,NULL,NULL),
	(232,'Ellie',0,121,NULL,NULL),
	(233,'Johann Wolfgang von Goethe',1,121,NULL,NULL),
	(234,'Wendell',0,122,NULL,NULL),
	(235,'Robb',0,122,NULL,NULL),
	(236,'Eleanor Roosevelt',1,122,NULL,NULL),
	(237,'Ollie',0,123,NULL,NULL),
	(238,'Kendall',0,123,NULL,NULL),
	(239,'Byron Pulsifer',1,123,NULL,NULL),
	(240,'Akeem',0,124,NULL,NULL),
	(241,'Coty',0,124,NULL,NULL),
	(242,'Thich Nhat Hanh',1,124,NULL,NULL),
	(243,'Carl Jung?',1,125,NULL,NULL),
	(244,'Bonnie?',0,126,NULL,NULL),
	(245,'Shaylee',0,127,NULL,NULL),
	(246,'Jeremy',0,127,NULL,NULL),
	(247,'Lord Herbert',1,127,NULL,NULL),
	(248,'Leonardo da Vinci?',1,128,NULL,NULL),
	(249,'Wilma',0,129,NULL,NULL),
	(250,'Mary',0,129,NULL,NULL),
	(251,'Buddha',1,129,NULL,NULL),
	(252,'Cody',0,130,NULL,NULL),
	(253,'Deanna',0,130,NULL,NULL),
	(254,'Unknown',1,130,NULL,NULL),
	(255,'Anne Wilson Schaef?',1,131,NULL,NULL),
	(256,'Westley?',0,132,NULL,NULL),
	(257,'Evangeline',0,133,NULL,NULL),
	(258,'Mae',0,133,NULL,NULL),
	(259,'Chinese proverb',1,133,NULL,NULL),
	(260,'Robert?',0,134,NULL,NULL),
	(261,'Reynold',0,135,NULL,NULL),
	(262,'Velda',0,135,NULL,NULL),
	(263,'German proverb',1,135,NULL,NULL),
	(264,'Skye',0,136,NULL,NULL),
	(265,'Shyann',0,136,NULL,NULL),
	(266,'Madame de Stael',1,136,NULL,NULL),
	(267,'Wayne Dyer?',1,137,NULL,NULL),
	(268,'Diamond',0,138,NULL,NULL),
	(269,'Mallory',0,138,NULL,NULL),
	(270,'Ralph Emerson',1,138,NULL,NULL),
	(271,'Reva?',0,139,NULL,NULL),
	(272,'Jameson?',0,140,NULL,NULL),
	(273,'Byron Pulsifer?',1,141,NULL,NULL),
	(274,'Lelah?',0,142,NULL,NULL),
	(275,'Elisa?',0,143,NULL,NULL),
	(276,'Raegan',0,144,NULL,NULL),
	(277,'Eva',0,144,NULL,NULL),
	(278,'Bernadette Devlin',1,144,NULL,NULL),
	(279,'Napoleon Bonaparte?',1,145,NULL,NULL),
	(280,'Elsie?',0,146,NULL,NULL),
	(281,'Walt Disney?',1,147,NULL,NULL),
	(282,'Alyson?',0,148,NULL,NULL),
	(283,'Buddha?',1,149,NULL,NULL),
	(284,'Anika?',0,150,NULL,NULL),
	(285,'Austen?',0,151,NULL,NULL),
	(286,'Marilyne?',0,152,NULL,NULL),
	(287,'Laura',0,153,NULL,NULL),
	(288,'Bailee',0,153,NULL,NULL),
	(289,'Confucius',1,153,NULL,NULL),
	(290,'Jerrell',0,154,NULL,NULL),
	(291,'Dudley',0,154,NULL,NULL),
	(292,'Johann Wolfgang von Goethe',1,154,NULL,NULL),
	(293,'Angeline',0,155,NULL,NULL),
	(294,'Frederick',0,155,NULL,NULL),
	(295,'American proverb',1,155,NULL,NULL),
	(296,'Magdalen',0,156,NULL,NULL),
	(297,'Jessica',0,156,NULL,NULL),
	(298,'Sun Tzu',1,156,NULL,NULL),
	(299,'Jameson',0,157,NULL,NULL),
	(300,'Anastasia',0,157,NULL,NULL),
	(301,'Jon Kabat-Zinn',1,157,NULL,NULL),
	(302,'Gustave Flaubert?',1,158,NULL,NULL),
	(303,'Christelle',0,159,NULL,NULL),
	(304,'Newton',0,159,NULL,NULL),
	(305,'Pearl Buck',1,159,NULL,NULL),
	(306,'Lavada',0,160,NULL,NULL),
	(307,'Johann',0,160,NULL,NULL),
	(308,'Unknown',1,160,NULL,NULL),
	(309,'Milton?',0,161,NULL,NULL),
	(310,'Genesis',0,162,NULL,NULL),
	(311,'Aileen',0,162,NULL,NULL),
	(312,'Confucius',1,162,NULL,NULL),
	(313,'Tanya?',0,163,NULL,NULL),
	(314,'Hunter?',0,164,NULL,NULL),
	(315,'Breanna',0,165,NULL,NULL),
	(316,'Emma',0,165,NULL,NULL),
	(317,'Ralph Emerson',1,165,NULL,NULL),
	(318,'Robb',0,166,NULL,NULL),
	(319,'Osbaldo',0,166,NULL,NULL),
	(320,'Sylvia Voirol',1,166,NULL,NULL),
	(321,'Viola?',0,167,NULL,NULL),
	(322,'Creola',0,168,NULL,NULL),
	(323,'Haylee',0,168,NULL,NULL),
	(324,'Theophrastus',1,168,NULL,NULL),
	(325,'Jesse?',0,169,NULL,NULL),
	(326,'Oscar Wilde?',1,170,NULL,NULL),
	(327,'Wayne Dyer?',1,171,NULL,NULL),
	(328,'Kiley',0,172,NULL,NULL),
	(329,'Kimberly',0,172,NULL,NULL),
	(330,'Unknown',1,172,NULL,NULL),
	(331,'Socrates?',1,173,NULL,NULL),
	(332,'Elena',0,174,NULL,NULL),
	(333,'Rhea',0,174,NULL,NULL),
	(334,'Gloria Steinem',1,174,NULL,NULL),
	(335,'Berenice?',0,175,NULL,NULL),
	(336,'Caleigh?',0,176,NULL,NULL),
	(337,'Declan',0,177,NULL,NULL),
	(338,'Trudie',0,177,NULL,NULL),
	(339,'Bernard Shaw',1,177,NULL,NULL),
	(340,'Michale?',0,178,NULL,NULL),
	(341,'Alice?',0,179,NULL,NULL),
	(342,'Peggie',0,180,NULL,NULL),
	(343,'Maryam',0,180,NULL,NULL),
	(344,'Confucius',1,180,NULL,NULL),
	(345,'Rodger?',0,181,NULL,NULL),
	(346,'Mary Bethune?',1,182,NULL,NULL),
	(347,'Kavon',0,183,NULL,NULL),
	(348,'Gage',0,183,NULL,NULL),
	(349,'Haddon Robinson',1,183,NULL,NULL),
	(350,'Chasity?',0,184,NULL,NULL),
	(351,'Ashly?',0,185,NULL,NULL),
	(352,'Kristoffer',0,186,NULL,NULL),
	(353,'Margarett',0,186,NULL,NULL),
	(354,'Brian Tracy',1,186,NULL,NULL),
	(355,'Devin',0,187,NULL,NULL),
	(356,'Rhianna',0,187,NULL,NULL),
	(357,'Pablo Picasso',1,187,NULL,NULL),
	(358,'Lord Herbert?',1,188,NULL,NULL),
	(359,'Joshua',0,189,NULL,NULL),
	(360,'Nettie',0,189,NULL,NULL),
	(361,'Unknown',1,189,NULL,NULL),
	(362,'Luz',0,190,NULL,NULL),
	(363,'Alana',0,190,NULL,NULL),
	(364,'Usman Asif',1,190,NULL,NULL),
	(365,'Amalia',0,191,NULL,NULL),
	(366,'Alysson',0,191,NULL,NULL),
	(367,'Richard Bach',1,191,NULL,NULL),
	(368,'Jesse',0,192,NULL,NULL),
	(369,'Carmel',0,192,NULL,NULL),
	(370,'Napoleon Bonaparte',1,192,NULL,NULL),
	(371,'Elton',0,193,NULL,NULL),
	(372,'Kira',0,193,NULL,NULL),
	(373,'Victor Hugo',1,193,NULL,NULL),
	(374,'Velva',0,194,NULL,NULL),
	(375,'Modesto',0,194,NULL,NULL),
	(376,'Epictetus',1,194,NULL,NULL),
	(377,'Brody',0,195,NULL,NULL),
	(378,'Lora',0,195,NULL,NULL),
	(379,'Unknown',1,195,NULL,NULL),
	(380,'Juwan',0,196,NULL,NULL),
	(381,'Myrl',0,196,NULL,NULL),
	(382,'Robert Heller',1,196,NULL,NULL),
	(383,'Maximilian',0,197,NULL,NULL),
	(384,'Herta',0,197,NULL,NULL),
	(385,'Marcus Aurelius',1,197,NULL,NULL),
	(386,'Jazmyn',0,198,NULL,NULL),
	(387,'Zelda',0,198,NULL,NULL),
	(388,'Byron Pulsifer',1,198,NULL,NULL),
	(389,'Beatrice',0,199,NULL,NULL),
	(390,'Sierra',0,199,NULL,NULL),
	(391,'Johann Wolfgang von Goethe',1,199,NULL,NULL),
	(392,'Coy',0,200,NULL,NULL),
	(393,'Dewitt',0,200,NULL,NULL),
	(394,'Unknown',1,200,NULL,NULL),
	(395,'Lila?',0,201,NULL,NULL),
	(396,'Unknown?',1,202,NULL,NULL),
	(397,'Unknown?',1,203,NULL,NULL),
	(398,'Napoleon Hill?',1,204,NULL,NULL),
	(399,'Alexandro?',0,205,NULL,NULL),
	(400,'Pansy?',0,206,NULL,NULL),
	(401,'Aurelie?',0,207,NULL,NULL),
	(402,'Elinor',0,208,NULL,NULL),
	(403,'Dena',0,208,NULL,NULL),
	(404,'Unknown',1,208,NULL,NULL),
	(405,'Devonte',0,209,NULL,NULL),
	(406,'Tracy',0,209,NULL,NULL),
	(407,'Lao Tzu',1,209,NULL,NULL),
	(408,'Alisa',0,210,NULL,NULL),
	(409,'Sammie',0,210,NULL,NULL),
	(410,'Aristotle',1,210,NULL,NULL),
	(411,'Cleta',0,211,NULL,NULL),
	(412,'Ava',0,211,NULL,NULL),
	(413,'Lao Tzu',1,211,NULL,NULL),
	(414,'Elenora?',0,212,NULL,NULL),
	(415,'Watson?',0,213,NULL,NULL),
	(416,'Plutarch?',1,214,NULL,NULL),
	(417,'Emil',0,215,NULL,NULL),
	(418,'Loraine',0,215,NULL,NULL),
	(419,'Ralph Waldo Emerson',1,215,NULL,NULL),
	(420,'Heath',0,216,NULL,NULL),
	(421,'Darien',0,216,NULL,NULL),
	(422,'Mahatma Gandhi',1,216,NULL,NULL),
	(423,'Valentin',0,217,NULL,NULL),
	(424,'May',0,217,NULL,NULL),
	(425,'Napoleon Hill',1,217,NULL,NULL),
	(426,'Unknown?',1,218,NULL,NULL),
	(427,'Florence',0,219,NULL,NULL),
	(428,'Ella',0,219,NULL,NULL),
	(429,'Wit',1,219,NULL,NULL),
	(430,'Chyna',0,220,NULL,NULL),
	(431,'Rodrigo',0,220,NULL,NULL),
	(432,'Theophrastus',1,220,NULL,NULL),
	(433,'Sylvia',0,221,NULL,NULL),
	(434,'Barry',0,221,NULL,NULL),
	(435,'Voltaire',1,221,NULL,NULL),
	(436,'Florine',0,222,NULL,NULL),
	(437,'Jayda',0,222,NULL,NULL),
	(438,'Thich Nhat Hanh',1,222,NULL,NULL),
	(439,'Christopher?',0,223,NULL,NULL),
	(440,'Eleanore?',0,224,NULL,NULL),
	(441,'Claud',0,225,NULL,NULL),
	(442,'Lora',0,225,NULL,NULL),
	(443,'Confucius',1,225,NULL,NULL),
	(444,'Florian',0,226,NULL,NULL),
	(445,'Tabitha',0,226,NULL,NULL),
	(446,'Robert Frost',1,226,NULL,NULL),
	(447,'Malcolm',0,227,NULL,NULL),
	(448,'Vella',0,227,NULL,NULL),
	(449,'Seneca',1,227,NULL,NULL),
	(450,'Braden',0,228,NULL,NULL),
	(451,'Genevieve',0,228,NULL,NULL),
	(452,'Abraham Lincoln',1,228,NULL,NULL),
	(453,'Janessa',0,229,NULL,NULL),
	(454,'Deonte',0,229,NULL,NULL),
	(455,'Thomas Fuller',1,229,NULL,NULL),
	(456,'Addison',0,230,NULL,NULL),
	(457,'Aida',0,230,NULL,NULL),
	(458,'Elbert Hubbard',1,230,NULL,NULL),
	(459,'Lazaro',0,231,NULL,NULL),
	(460,'Davonte',0,231,NULL,NULL),
	(461,'Turkish proverb',1,231,NULL,NULL),
	(462,'Kay',0,232,NULL,NULL),
	(463,'Annie',0,232,NULL,NULL),
	(464,'Hugh Miller',1,232,NULL,NULL),
	(465,'Jayne',0,233,NULL,NULL),
	(466,'Don',0,233,NULL,NULL),
	(467,'A. Powell Davies',1,233,NULL,NULL),
	(468,'Emily',0,234,NULL,NULL),
	(469,'Markus',0,234,NULL,NULL),
	(470,'Gustave Flaubert',1,234,NULL,NULL),
	(471,'Walt Disney?',1,235,NULL,NULL),
	(472,'Norval',0,236,NULL,NULL),
	(473,'Ansel',0,236,NULL,NULL),
	(474,'Johann Wolfgang von Goethe',1,236,NULL,NULL),
	(475,'Norma?',0,237,NULL,NULL),
	(476,'Kara',0,238,NULL,NULL),
	(477,'Alva',0,238,NULL,NULL),
	(478,'Liberace',1,238,NULL,NULL),
	(479,'Jonas?',0,239,NULL,NULL),
	(480,'Vicky',0,240,NULL,NULL),
	(481,'Kevin',0,240,NULL,NULL),
	(482,'Friedrich von Schiller',1,240,NULL,NULL),
	(483,'Katarina?',0,241,NULL,NULL),
	(484,'Alessia?',0,242,NULL,NULL),
	(485,'Collin',0,243,NULL,NULL),
	(486,'Gaston',0,243,NULL,NULL),
	(487,'Johann Wolfgang von Goethe',1,243,NULL,NULL),
	(488,'Katlyn?',0,244,NULL,NULL),
	(489,'Albert Camus?',1,245,NULL,NULL),
	(490,'Alivia?',0,246,NULL,NULL),
	(491,'Ottis',0,247,NULL,NULL),
	(492,'Elvera',0,247,NULL,NULL),
	(493,'Johann Wolfgang von Goethe',1,247,NULL,NULL),
	(494,'Mahatma Gandhi?',1,248,NULL,NULL),
	(495,'Susie?',0,249,NULL,NULL),
	(496,'Julia',0,250,NULL,NULL),
	(497,'Aisha',0,250,NULL,NULL),
	(498,'Paulo Coelho',1,250,NULL,NULL),
	(499,'Pablo Picasso?',1,251,NULL,NULL),
	(500,'Ruthe',0,252,NULL,NULL),
	(501,'Pat',0,252,NULL,NULL),
	(502,'Harriet Beecher Stowe',1,252,NULL,NULL),
	(503,'Reyna',0,253,NULL,NULL),
	(504,'Pearl',0,253,NULL,NULL),
	(505,'Jonathan Kozol',1,253,NULL,NULL),
	(506,'Jon?',0,254,NULL,NULL),
	(507,'Ahmed',0,255,NULL,NULL),
	(508,'Uriah',0,255,NULL,NULL),
	(509,'William Shakespeare',1,255,NULL,NULL),
	(510,'Sophocles?',1,256,NULL,NULL),
	(511,'Asa?',0,257,NULL,NULL),
	(512,'Honore de Balzac?',1,258,NULL,NULL),
	(513,'Oren',0,259,NULL,NULL),
	(514,'Lexie',0,259,NULL,NULL),
	(515,'Ovid',1,259,NULL,NULL),
	(516,'James Lowell?',1,260,NULL,NULL),
	(517,'Velma',0,261,NULL,NULL),
	(518,'Colin',0,261,NULL,NULL),
	(519,'Friedrich von Schiller',1,261,NULL,NULL),
	(520,'Francis Bacon?',1,262,NULL,NULL),
	(521,'Tony Robbins?',1,263,NULL,NULL),
	(522,'Manuel Puig?',1,264,NULL,NULL),
	(523,'Alvena',0,265,NULL,NULL),
	(524,'Arnold',0,265,NULL,NULL),
	(525,'William R. Inge',1,265,NULL,NULL),
	(526,'Nash',0,266,NULL,NULL),
	(527,'Hilbert',0,266,NULL,NULL),
	(528,'Leonardo da Vinci',1,266,NULL,NULL),
	(529,'Harrison?',0,267,NULL,NULL),
	(530,'Dax',0,268,NULL,NULL),
	(531,'Gillian',0,268,NULL,NULL),
	(532,'Anais Nin',1,268,NULL,NULL),
	(533,'Rosalyn?',0,269,NULL,NULL),
	(534,'Epictetus?',1,270,NULL,NULL),
	(535,'Unknown?',1,271,NULL,NULL),
	(536,'Abby',0,272,NULL,NULL),
	(537,'Ansley',0,272,NULL,NULL),
	(538,'Wayne Dyer',1,272,NULL,NULL),
	(539,'Afton?',0,273,NULL,NULL),
	(540,'Delphine',0,274,NULL,NULL),
	(541,'Guy',0,274,NULL,NULL),
	(542,'Confucius',1,274,NULL,NULL),
	(543,'Jim Rohn?',1,275,NULL,NULL),
	(544,'Paulo Coelho?',1,276,NULL,NULL),
	(545,'Darien',0,277,NULL,NULL),
	(546,'Kyleigh',0,277,NULL,NULL),
	(547,'Publilius Syrus',1,277,NULL,NULL),
	(548,'Princess',0,278,NULL,NULL),
	(549,'Graciela',0,278,NULL,NULL),
	(550,'Oprah Winfrey',1,278,NULL,NULL),
	(551,'Benjamin Franklin?',1,279,NULL,NULL),
	(552,'Anatole France?',1,280,NULL,NULL),
	(553,'Silas?',0,281,NULL,NULL),
	(554,'Buddha?',1,282,NULL,NULL),
	(555,'Kirsten',0,283,NULL,NULL),
	(556,'Flavie',0,283,NULL,NULL),
	(557,'Voltaire',1,283,NULL,NULL),
	(558,'Maya Lin?',1,284,NULL,NULL),
	(559,'Stanford',0,285,NULL,NULL),
	(560,'Shany',0,285,NULL,NULL),
	(561,'Confucius',1,285,NULL,NULL);

/*!40000 ALTER TABLE `answers` ENABLE KEYS */;
UNLOCK TABLES;


# Dump of table failed_jobs
# ------------------------------------------------------------

DROP TABLE IF EXISTS `failed_jobs`;

CREATE TABLE `failed_jobs` (
  `id` bigint(20) unsigned NOT NULL AUTO_INCREMENT,
  `connection` text COLLATE utf8mb4_unicode_ci NOT NULL,
  `queue` text COLLATE utf8mb4_unicode_ci NOT NULL,
  `payload` longtext COLLATE utf8mb4_unicode_ci NOT NULL,
  `exception` longtext COLLATE utf8mb4_unicode_ci NOT NULL,
  `failed_at` timestamp NOT NULL DEFAULT CURRENT_TIMESTAMP,
  PRIMARY KEY (`id`)
) ENGINE=InnoDB DEFAULT CHARSET=utf8mb4 COLLATE=utf8mb4_unicode_ci;



# Dump of table migrations
# ------------------------------------------------------------

DROP TABLE IF EXISTS `migrations`;

CREATE TABLE `migrations` (
  `id` int(10) unsigned NOT NULL AUTO_INCREMENT,
  `migration` varchar(255) COLLATE utf8mb4_unicode_ci NOT NULL,
  `batch` int(11) NOT NULL,
  PRIMARY KEY (`id`)
) ENGINE=InnoDB DEFAULT CHARSET=utf8mb4 COLLATE=utf8mb4_unicode_ci;

LOCK TABLES `migrations` WRITE;
/*!40000 ALTER TABLE `migrations` DISABLE KEYS */;

INSERT INTO `migrations` (`id`, `migration`, `batch`)
VALUES
	(1,'2014_10_12_000000_create_users_table',1),
	(2,'2014_10_12_100000_create_password_resets_table',1),
	(3,'2019_08_19_000000_create_failed_jobs_table',1),
	(4,'2020_02_08_112327_create_quotes_table',1),
	(5,'2020_02_08_112359_create_answers_table',1);

/*!40000 ALTER TABLE `migrations` ENABLE KEYS */;
UNLOCK TABLES;


# Dump of table password_resets
# ------------------------------------------------------------

DROP TABLE IF EXISTS `password_resets`;

CREATE TABLE `password_resets` (
  `email` varchar(255) COLLATE utf8mb4_unicode_ci NOT NULL,
  `token` varchar(255) COLLATE utf8mb4_unicode_ci NOT NULL,
  `created_at` timestamp NULL DEFAULT NULL,
  KEY `password_resets_email_index` (`email`)
) ENGINE=InnoDB DEFAULT CHARSET=utf8mb4 COLLATE=utf8mb4_unicode_ci;



# Dump of table quotes
# ------------------------------------------------------------

DROP TABLE IF EXISTS `quotes`;

CREATE TABLE `quotes` (
  `id` bigint(20) unsigned NOT NULL AUTO_INCREMENT,
  `quote` text COLLATE utf8mb4_unicode_ci NOT NULL,
  `type` enum('binary','multiple') COLLATE utf8mb4_unicode_ci NOT NULL,
  `created_at` timestamp NULL DEFAULT NULL,
  `updated_at` timestamp NULL DEFAULT NULL,
  PRIMARY KEY (`id`)
) ENGINE=InnoDB DEFAULT CHARSET=utf8mb4 COLLATE=utf8mb4_unicode_ci;

LOCK TABLES `quotes` WRITE;
/*!40000 ALTER TABLE `quotes` DISABLE KEYS */;

INSERT INTO `quotes` (`id`, `quote`, `type`, `created_at`, `updated_at`)
VALUES
	(1,'Genius is one percent inspiration and ninety-nine percent perspiration.','multiple','2020-02-08 19:11:49','2020-02-08 19:11:49'),
	(2,'You can observe a lot just by watching.','multiple','2020-02-08 19:11:49','2020-02-08 19:11:49'),
	(3,'A house divided against itself cannot stand.','binary','2020-02-08 19:11:49','2020-02-08 19:11:49'),
	(4,'Difficulties increase the nearer we get to the goal.','multiple','2020-02-08 19:11:49','2020-02-08 19:11:49'),
	(5,'Fate is in your hands and no one elses','binary','2020-02-08 19:11:49','2020-02-08 19:11:49'),
	(6,'Be the chief but never the lord.','multiple','2020-02-08 19:11:49','2020-02-08 19:11:49'),
	(7,'Nothing happens unless first we dream.','binary','2020-02-08 19:11:49','2020-02-08 19:11:49'),
	(8,'Well begun is half done.','multiple','2020-02-08 19:11:49','2020-02-08 19:11:49'),
	(9,'Life is a learning experience, only if you learn.','multiple','2020-02-08 19:11:49','2020-02-08 19:11:49'),
	(10,'Self-complacency is fatal to progress.','binary','2020-02-08 19:11:49','2020-02-08 19:11:49'),
	(11,'Peace comes from within. Do not seek it without.','multiple','2020-02-08 19:11:49','2020-02-08 19:11:49'),
	(12,'What you give is what you get.','multiple','2020-02-08 19:11:49','2020-02-08 19:11:49'),
	(13,'We can only learn to love by loving.','binary','2020-02-08 19:11:49','2020-02-08 19:11:49'),
	(14,'Life is change. Growth is optional. Choose wisely.','multiple','2020-02-08 19:11:49','2020-02-08 19:11:49'),
	(15,'You\'ll see it when you believe it.','binary','2020-02-08 19:11:49','2020-02-08 19:11:49'),
	(16,'Today is the tomorrow we worried about yesterday.','binary','2020-02-08 19:11:49','2020-02-08 19:11:49'),
	(17,'It\'s easier to see the mistakes on someone else\'s paper.','binary','2020-02-08 19:11:49','2020-02-08 19:11:49'),
	(18,'Every man dies. Not every man really lives.','multiple','2020-02-08 19:11:49','2020-02-08 19:11:49'),
	(19,'To lead people walk behind them.','binary','2020-02-08 19:11:49','2020-02-08 19:11:49'),
	(20,'Having nothing, nothing can he lose.','multiple','2020-02-08 19:11:49','2020-02-08 19:11:49'),
	(21,'Trouble is only opportunity in work clothes.','binary','2020-02-08 19:11:49','2020-02-08 19:11:49'),
	(22,'A rolling stone gathers no moss.','multiple','2020-02-08 19:11:49','2020-02-08 19:11:49'),
	(23,'Ideas are the beginning points of all fortunes.','binary','2020-02-08 19:11:49','2020-02-08 19:11:49'),
	(24,'Everything in life is luck.','binary','2020-02-08 19:11:49','2020-02-08 19:11:49'),
	(25,'Doing nothing is better than being busy doing nothing.','multiple','2020-02-08 19:11:49','2020-02-08 19:11:49'),
	(26,'Trust yourself. You know more than you think you do.','multiple','2020-02-08 19:11:49','2020-02-08 19:11:49'),
	(27,'Study the past, if you would divine the future.','binary','2020-02-08 19:11:49','2020-02-08 19:11:49'),
	(28,'The day is already blessed, find peace within it.','multiple','2020-02-08 19:11:49','2020-02-08 19:11:49'),
	(29,'From error to error one discovers the entire truth.','multiple','2020-02-08 19:11:49','2020-02-08 19:11:49'),
	(30,'Well done is better than well said.','binary','2020-02-08 19:11:49','2020-02-08 19:11:49'),
	(31,'Bite off more than you can chew, then chew it.','multiple','2020-02-08 19:11:49','2020-02-08 19:11:49'),
	(32,'Work out your own salvation. Do not depend on others.','binary','2020-02-08 19:11:49','2020-02-08 19:11:49'),
	(33,'One today is worth two tomorrows.','multiple','2020-02-08 19:11:49','2020-02-08 19:11:49'),
	(34,'Once you choose hope, anythings possible.','multiple','2020-02-08 19:11:49','2020-02-08 19:11:49'),
	(35,'God always takes the simplest way.','multiple','2020-02-08 19:11:49','2020-02-08 19:11:49'),
	(36,'One fails forward toward success.','binary','2020-02-08 19:11:49','2020-02-08 19:11:49'),
	(37,'From small beginnings come great things.','multiple','2020-02-08 19:11:49','2020-02-08 19:11:49'),
	(38,'Learning is a treasure that will follow its owner everywhere','binary','2020-02-08 19:11:49','2020-02-08 19:11:49'),
	(39,'Be as you wish to seem.','multiple','2020-02-08 19:11:49','2020-02-08 19:11:49'),
	(40,'The world is always in movement.','binary','2020-02-08 19:11:49','2020-02-08 19:11:49'),
	(41,'Never mistake activity for achievement.','binary','2020-02-08 19:11:49','2020-02-08 19:11:49'),
	(42,'What worries you masters you.','multiple','2020-02-08 19:11:49','2020-02-08 19:11:49'),
	(43,'One faces the future with ones past.','binary','2020-02-08 19:11:49','2020-02-08 19:11:49'),
	(44,'Goals are the fuel in the furnace of achievement.','binary','2020-02-08 19:11:49','2020-02-08 19:11:49'),
	(45,'Who sows virtue reaps honour.','binary','2020-02-08 19:11:49','2020-02-08 19:11:49'),
	(46,'Be kind whenever possible. It is always possible.','multiple','2020-02-08 19:11:49','2020-02-08 19:11:49'),
	(47,'Talk doesn\'t cook rice.','multiple','2020-02-08 19:11:49','2020-02-08 19:11:49'),
	(48,'He is able who thinks he is able.','binary','2020-02-08 19:11:49','2020-02-08 19:11:49'),
	(49,'Be as you wish to seem.','binary','2020-02-08 19:11:49','2020-02-08 19:11:49'),
	(50,'A goal without a plan is just a wish.','multiple','2020-02-08 19:11:49','2020-02-08 19:11:49'),
	(51,'To succeed, we must first believe that we can.','multiple','2020-02-08 19:11:49','2020-02-08 19:11:49'),
	(52,'Learn from yesterday, live for today, hope for tomorrow.','multiple','2020-02-08 19:11:49','2020-02-08 19:11:49'),
	(53,'A weed is no more than a flower in disguise.','binary','2020-02-08 19:11:49','2020-02-08 19:11:49'),
	(54,'Do, or do not. There is no try.','multiple','2020-02-08 19:11:49','2020-02-08 19:11:49'),
	(55,'All serious daring starts from within.','multiple','2020-02-08 19:11:49','2020-02-08 19:11:49'),
	(56,'The best teacher is experience learned from failures.','multiple','2020-02-08 19:11:49','2020-02-08 19:11:49'),
	(57,'Think how hard physics would be if particles could think.','binary','2020-02-08 19:11:49','2020-02-08 19:11:49'),
	(58,'Love is the flower you\'ve got to let grow.','binary','2020-02-08 19:11:49','2020-02-08 19:11:49'),
	(59,'Don\'t wait. The time will never be just right.','binary','2020-02-08 19:11:49','2020-02-08 19:11:49'),
	(60,'One fails forward toward success.','binary','2020-02-08 19:11:49','2020-02-08 19:11:49'),
	(61,'Time is the wisest counsellor of all.','binary','2020-02-08 19:11:49','2020-02-08 19:11:49'),
	(62,'You give before you get.','binary','2020-02-08 19:11:49','2020-02-08 19:11:49'),
	(63,'Wisdom begins in wonder.','multiple','2020-02-08 19:11:49','2020-02-08 19:11:49'),
	(64,'Without courage, wisdom bears no fruit.','binary','2020-02-08 19:11:49','2020-02-08 19:11:49'),
	(65,'Change in all things is sweet.','binary','2020-02-08 19:11:49','2020-02-08 19:11:49'),
	(66,'What you fear is that which requires action to overcome.','multiple','2020-02-08 19:11:49','2020-02-08 19:11:49'),
	(67,'The best teacher is experience learned from failures.','binary','2020-02-08 19:11:49','2020-02-08 19:11:49'),
	(68,'When performance exceeds ambition, the overlap is called success.','binary','2020-02-08 19:11:49','2020-02-08 19:11:49'),
	(69,'When deeds speak, words are nothing.','binary','2020-02-08 19:11:49','2020-02-08 19:11:49'),
	(70,'Real magic in relationships means an absence of judgement of others.','multiple','2020-02-08 19:11:49','2020-02-08 19:11:49'),
	(71,'When performance exceeds ambition, the overlap is called success.','multiple','2020-02-08 19:11:49','2020-02-08 19:11:49'),
	(72,'I never think of the future. It comes soon enough.','binary','2020-02-08 19:11:49','2020-02-08 19:11:49'),
	(73,'Skill to do comes of doing.','multiple','2020-02-08 19:11:49','2020-02-08 19:11:49'),
	(74,'Wisdom is the supreme part of happiness.','binary','2020-02-08 19:11:49','2020-02-08 19:11:49'),
	(75,'I believe that every person is born with talent.','multiple','2020-02-08 19:11:49','2020-02-08 19:11:49'),
	(76,'Important principles may, and must, be inflexible.','binary','2020-02-08 19:11:49','2020-02-08 19:11:49'),
	(77,'The undertaking of a new action brings new strength.','binary','2020-02-08 19:11:49','2020-02-08 19:11:49'),
	(78,'I believe that every person is born with talent.','binary','2020-02-08 19:11:49','2020-02-08 19:11:49'),
	(79,'The years teach much which the days never know.','multiple','2020-02-08 19:11:49','2020-02-08 19:11:49'),
	(80,'Our distrust is very expensive.','binary','2020-02-08 19:11:49','2020-02-08 19:11:49'),
	(81,'All know the way; few actually walk it.','multiple','2020-02-08 19:11:49','2020-02-08 19:11:49'),
	(82,'Great talent finds happiness in execution.','multiple','2020-02-08 19:11:49','2020-02-08 19:11:49'),
	(83,'Faith in oneself is the best and safest course.','binary','2020-02-08 19:11:49','2020-02-08 19:11:49'),
	(84,'Courage is going from failure to failure without losing enthusiasm.','binary','2020-02-08 19:11:49','2020-02-08 19:11:49'),
	(85,'The two most powerful warriors are patience and time.','multiple','2020-02-08 19:11:49','2020-02-08 19:11:49'),
	(86,'Anticipate the difficult by managing the easy.','binary','2020-02-08 19:11:49','2020-02-08 19:11:49'),
	(87,'Those who are free of resentful thoughts surely find peace.','binary','2020-02-08 19:11:49','2020-02-08 19:11:49'),
	(88,'Talk doesn\'t cook rice.','multiple','2020-02-08 19:11:49','2020-02-08 19:11:49'),
	(89,'A short saying often contains much wisdom.','binary','2020-02-08 19:11:49','2020-02-08 19:11:49'),
	(90,'The day is already blessed, find peace within it.','multiple','2020-02-08 19:11:49','2020-02-08 19:11:49'),
	(91,'It takes both sunshine and rain to make a rainbow.','multiple','2020-02-08 19:11:49','2020-02-08 19:11:49'),
	(92,'A beautiful thing is never perfect.','binary','2020-02-08 19:11:49','2020-02-08 19:11:49'),
	(93,'Only do what your heart tells you.','binary','2020-02-08 19:11:49','2020-02-08 19:11:49'),
	(94,'Life is movement-we breathe, we eat, we walk, we move!','binary','2020-02-08 19:11:49','2020-02-08 19:11:49'),
	(95,'No one can make you feel inferior without your consent.','binary','2020-02-08 19:11:49','2020-02-08 19:11:49'),
	(96,'One fails forward toward success.','binary','2020-02-08 19:11:49','2020-02-08 19:11:49'),
	(97,'Argue for your limitations, and sure enough theyre yours.','multiple','2020-02-08 19:11:49','2020-02-08 19:11:49'),
	(98,'Luck is what happens when preparation meets opportunity.','binary','2020-02-08 19:11:49','2020-02-08 19:11:49'),
	(99,'Victory belongs to the most persevering.','multiple','2020-02-08 19:11:49','2020-02-08 19:11:49'),
	(100,'Once you choose hope, anythings possible.','multiple','2020-02-08 19:11:49','2020-02-08 19:11:49'),
	(101,'Love all, trust a few, do wrong to none.','binary','2020-02-08 19:11:49','2020-02-08 19:11:49'),
	(102,'In order to win, you must expect to win.','multiple','2020-02-08 19:11:49','2020-02-08 19:11:49'),
	(103,'A goal is a dream with a deadline.','multiple','2020-02-08 19:11:49','2020-02-08 19:11:49'),
	(104,'You can do it if you believe you can!','binary','2020-02-08 19:11:49','2020-02-08 19:11:49'),
	(105,'Set your goals high, and don\'t stop till you get there.','binary','2020-02-08 19:11:49','2020-02-08 19:11:49'),
	(106,'Genius is one percent inspiration and ninety-nine percent perspiration.','multiple','2020-02-08 19:11:49','2020-02-08 19:11:49'),
	(107,'Every new day is another chance to change your life.','binary','2020-02-08 19:11:49','2020-02-08 19:11:49'),
	(108,'Smile, breathe, and go slowly.','binary','2020-02-08 19:11:49','2020-02-08 19:11:49'),
	(109,'Nobody will believe in you unless you believe in yourself.','binary','2020-02-08 19:11:49','2020-02-08 19:11:49'),
	(110,'Be kind whenever possible. It is always possible.','binary','2020-02-08 19:11:49','2020-02-08 19:11:49'),
	(111,'Do more than dream: work.','multiple','2020-02-08 19:11:49','2020-02-08 19:11:49'),
	(112,'No man was ever wise by chance.','binary','2020-02-08 19:11:49','2020-02-08 19:11:49'),
	(113,'Some pursue happiness, others create it.','binary','2020-02-08 19:11:49','2020-02-08 19:11:49'),
	(114,'It\'s easier to see the mistakes on someone else\'s paper.','multiple','2020-02-08 19:11:49','2020-02-08 19:11:49'),
	(115,'Think how hard physics would be if particles could think.','multiple','2020-02-08 19:11:49','2020-02-08 19:11:49'),
	(116,'Well begun is half done.','multiple','2020-02-08 19:11:49','2020-02-08 19:11:49'),
	(117,'He that is giddy thinks the world turns round.','binary','2020-02-08 19:11:49','2020-02-08 19:11:49'),
	(118,'Don\'t ruin the present with the ruined past.','binary','2020-02-08 19:11:49','2020-02-08 19:11:49'),
	(119,'Do something wonderful, people may imitate it.','binary','2020-02-08 19:11:49','2020-02-08 19:11:49'),
	(120,'We do what we do because we believe.','multiple','2020-02-08 19:11:49','2020-02-08 19:11:49'),
	(121,'Great talent finds happiness in execution.','multiple','2020-02-08 19:11:49','2020-02-08 19:11:49'),
	(122,'Do one thing every day that scares you.','multiple','2020-02-08 19:11:49','2020-02-08 19:11:49'),
	(123,'If you cannot be silent be brilliant and thoughtful.','multiple','2020-02-08 19:11:49','2020-02-08 19:11:49'),
	(124,'Smile, breathe, and go slowly.','multiple','2020-02-08 19:11:49','2020-02-08 19:11:49'),
	(125,'Who looks outside, dreams; who looks inside, awakes.','binary','2020-02-08 19:11:49','2020-02-08 19:11:49'),
	(126,'What we think, we become.','binary','2020-02-08 19:11:49','2020-02-08 19:11:49'),
	(127,'The shortest answer is doing.','multiple','2020-02-08 19:11:49','2020-02-08 19:11:49'),
	(128,'All our knowledge has its origins in our perceptions.','binary','2020-02-08 19:11:49','2020-02-08 19:11:49'),
	(129,'He is able who thinks he is able.','multiple','2020-02-08 19:11:49','2020-02-08 19:11:49'),
	(130,'The harder you fall, the higher you bounce.','multiple','2020-02-08 19:11:49','2020-02-08 19:11:49'),
	(131,'Trusting our intuition often saves us from disaster.','binary','2020-02-08 19:11:49','2020-02-08 19:11:49'),
	(132,'Truth is powerful and it prevails.','binary','2020-02-08 19:11:49','2020-02-08 19:11:49'),
	(133,'Talk doesn\'t cook rice.','multiple','2020-02-08 19:11:49','2020-02-08 19:11:49'),
	(134,'Light tomorrow with today!','binary','2020-02-08 19:11:49','2020-02-08 19:11:49'),
	(135,'Silence is a fence around wisdom.','multiple','2020-02-08 19:11:49','2020-02-08 19:11:49'),
	(136,'Society develops wit, but its contemplation alone forms genius.','multiple','2020-02-08 19:11:49','2020-02-08 19:11:49'),
	(137,'Real magic in relationships means an absence of judgement of others.','binary','2020-02-08 19:11:49','2020-02-08 19:11:49'),
	(138,'The years teach much which the days never know.','multiple','2020-02-08 19:11:49','2020-02-08 19:11:49'),
	(139,'We can only learn to love by loving.','binary','2020-02-08 19:11:49','2020-02-08 19:11:49'),
	(140,'The simplest things are often the truest.','binary','2020-02-08 19:11:49','2020-02-08 19:11:49'),
	(141,'What you give is what you get.','binary','2020-02-08 19:11:49','2020-02-08 19:11:49'),
	(142,'Everyone smiles in the same language.','binary','2020-02-08 19:11:49','2020-02-08 19:11:49'),
	(143,'A short saying often contains much wisdom.','binary','2020-02-08 19:11:49','2020-02-08 19:11:49'),
	(144,'Yesterday I dared to struggle. Today I dare to win.','multiple','2020-02-08 19:11:49','2020-02-08 19:11:49'),
	(145,'Victory belongs to the most persevering.','binary','2020-02-08 19:11:49','2020-02-08 19:11:49'),
	(146,'No alibi will save you from accepting the responsibility.','binary','2020-02-08 19:11:49','2020-02-08 19:11:49'),
	(147,'If you can dream it, you can do it.','binary','2020-02-08 19:11:49','2020-02-08 19:11:49'),
	(148,'From error to error one discovers the entire truth.','binary','2020-02-08 19:11:50','2020-02-08 19:11:50'),
	(149,'It is better to travel well than to arrive.','binary','2020-02-08 19:11:50','2020-02-08 19:11:50'),
	(150,'Life shrinks or expands in proportion to one\'s courage.','binary','2020-02-08 19:11:50','2020-02-08 19:11:50'),
	(151,'You have to believe in yourself.','binary','2020-02-08 19:11:50','2020-02-08 19:11:50'),
	(152,'Our intention creates our reality.','binary','2020-02-08 19:11:50','2020-02-08 19:11:50'),
	(153,'Silence is a true friend who never betrays.','multiple','2020-02-08 19:11:50','2020-02-08 19:11:50'),
	(154,'Character develops itself in the stream of life.','multiple','2020-02-08 19:11:50','2020-02-08 19:11:50'),
	(155,'From little acorns mighty oaks do grow.','multiple','2020-02-08 19:11:50','2020-02-08 19:11:50'),
	(156,'You have to believe in yourself.','multiple','2020-02-08 19:11:50','2020-02-08 19:11:50'),
	(157,'You can\'t stop the waves, but you can learn to surf.','multiple','2020-02-08 19:11:50','2020-02-08 19:11:50'),
	(158,'Reality does not conform to the ideal, but confirms it.','binary','2020-02-08 19:11:50','2020-02-08 19:11:50'),
	(159,'Growth itself contains the germ of happiness.','multiple','2020-02-08 19:11:50','2020-02-08 19:11:50'),
	(160,'You can do what\'s reasonable or you can decide what\'s possible.','multiple','2020-02-08 19:11:50','2020-02-08 19:11:50'),
	(161,'Nothing strengthens authority so much as silence.','binary','2020-02-08 19:11:50','2020-02-08 19:11:50'),
	(162,'Wherever you go, go with all your heart.','multiple','2020-02-08 19:11:50','2020-02-08 19:11:50'),
	(163,'The only real valuable thing is intuition.','binary','2020-02-08 19:11:50','2020-02-08 19:11:50'),
	(164,'I believe that every person is born with talent.','binary','2020-02-08 19:11:50','2020-02-08 19:11:50'),
	(165,'Good luck is another name for tenacity of purpose.','multiple','2020-02-08 19:11:50','2020-02-08 19:11:50'),
	(166,'Rainbows apologize for angry skies.','multiple','2020-02-08 19:11:50','2020-02-08 19:11:50'),
	(167,'Friendship isn\'t a big thing. It\'s a million little things.','binary','2020-02-08 19:11:50','2020-02-08 19:11:50'),
	(168,'Time is the most valuable thing a man can spend.','multiple','2020-02-08 19:11:50','2020-02-08 19:11:50'),
	(169,'Whatever happens, take responsibility.','binary','2020-02-08 19:11:50','2020-02-08 19:11:50'),
	(170,'Experience is simply the name we give our mistakes.','binary','2020-02-08 19:11:50','2020-02-08 19:11:50'),
	(171,'I think and that is all that I am.','binary','2020-02-08 19:11:50','2020-02-08 19:11:50'),
	(172,'A good plan today is better than a perfect plan tomorrow.','multiple','2020-02-08 19:11:50','2020-02-08 19:11:50'),
	(173,'Be as you wish to seem.','binary','2020-02-08 19:11:50','2020-02-08 19:11:50'),
	(174,'If the shoe doesn\'t fit, must we change the foot?','multiple','2020-02-08 19:11:50','2020-02-08 19:11:50'),
	(175,'Each day provides its own gifts.','binary','2020-02-08 19:11:50','2020-02-08 19:11:50'),
	(176,'While we stop to think, we often miss our opportunity.','binary','2020-02-08 19:11:50','2020-02-08 19:11:50'),
	(177,'Life isn\'t about finding yourself. Life is about creating yourself.','multiple','2020-02-08 19:11:50','2020-02-08 19:11:50'),
	(178,'To bring anything into your life, imagine that it\'s already there.','binary','2020-02-08 19:11:50','2020-02-08 19:11:50'),
	(179,'Begin to weave and God will give you the thread.','binary','2020-02-08 19:11:50','2020-02-08 19:11:50'),
	(180,'The more you know yourself, the more you forgive yourself.','multiple','2020-02-08 19:11:50','2020-02-08 19:11:50'),
	(181,'Someone remembers, someone cares; your name is whispered in someone\'s prayers.','binary','2020-02-08 19:11:50','2020-02-08 19:11:50'),
	(182,'Without faith, nothing is possible. With it, nothing is impossible.','binary','2020-02-08 19:11:50','2020-02-08 19:11:50'),
	(183,'What worries you masters you.','multiple','2020-02-08 19:11:50','2020-02-08 19:11:50'),
	(184,'Once we accept our limits, we go beyond them.','binary','2020-02-08 19:11:50','2020-02-08 19:11:50'),
	(185,'Don\'t be pushed by your problems; be led by your dreams.','binary','2020-02-08 19:11:50','2020-02-08 19:11:50'),
	(186,'Whatever we expect with confidence becomes our own self-fulfilling prophecy.','multiple','2020-02-08 19:11:50','2020-02-08 19:11:50'),
	(187,'Everything you can imagine is real.','multiple','2020-02-08 19:11:50','2020-02-08 19:11:50'),
	(188,'The shortest answer is doing.','binary','2020-02-08 19:11:50','2020-02-08 19:11:50'),
	(189,'A beautiful thing is never perfect.','multiple','2020-02-08 19:11:50','2020-02-08 19:11:50'),
	(190,'Fear is a darkroom where negatives develop.','multiple','2020-02-08 19:11:50','2020-02-08 19:11:50'),
	(191,'The simplest things are often the truest.','multiple','2020-02-08 19:11:50','2020-02-08 19:11:50'),
	(192,'The truest wisdom is a resolute determination.','multiple','2020-02-08 19:11:50','2020-02-08 19:11:50'),
	(193,'Life is the flower for which love is the honey.','multiple','2020-02-08 19:11:50','2020-02-08 19:11:50'),
	(194,'Freedom is the right to live as we wish.','multiple','2020-02-08 19:11:50','2020-02-08 19:11:50'),
	(195,'Change your thoughts, change your life!','multiple','2020-02-08 19:11:50','2020-02-08 19:11:50'),
	(196,'Never ignore a gut feeling, but never believe that it\'s enough.','multiple','2020-02-08 19:11:50','2020-02-08 19:11:50'),
	(197,'Loss is nothing else but change,and change is Natures delight.','multiple','2020-02-08 19:11:50','2020-02-08 19:11:50'),
	(198,'Someone is special only if you tell them.','multiple','2020-02-08 19:11:50','2020-02-08 19:11:50'),
	(199,'Great talent finds happiness in execution.','multiple','2020-02-08 19:11:50','2020-02-08 19:11:50'),
	(200,'Today is the tomorrow you worried about yesterday.','multiple','2020-02-08 19:11:50','2020-02-08 19:11:50'),
	(201,'There is no way to happiness, happiness is the way.','binary','2020-02-08 19:11:50','2020-02-08 19:11:50'),
	(202,'The day always looks brighter from behind a smile.','binary','2020-02-08 19:11:50','2020-02-08 19:11:50'),
	(203,'A beautiful thing is never perfect.','binary','2020-02-08 19:11:50','2020-02-08 19:11:50'),
	(204,'No alibi will save you from accepting the responsibility.','binary','2020-02-08 19:11:50','2020-02-08 19:11:50'),
	(205,'Argue for your limitations, and sure enough theyre yours.','binary','2020-02-08 19:11:50','2020-02-08 19:11:50'),
	(206,'You can observe a lot just by watching.','binary','2020-02-08 19:11:50','2020-02-08 19:11:50'),
	(207,'Reality leaves a lot to the imagination.','binary','2020-02-08 19:11:50','2020-02-08 19:11:50'),
	(208,'A stumble may prevent a fall.','multiple','2020-02-08 19:11:50','2020-02-08 19:11:50'),
	(209,'He who talks more is sooner exhausted.','multiple','2020-02-08 19:11:50','2020-02-08 19:11:50'),
	(210,'Well begun is half done.','multiple','2020-02-08 19:11:50','2020-02-08 19:11:50'),
	(211,'He who is contented is rich.','multiple','2020-02-08 19:11:50','2020-02-08 19:11:50'),
	(212,'Work out your own salvation. Do not depend on others.','binary','2020-02-08 19:11:50','2020-02-08 19:11:50'),
	(213,'You can do it if you believe you can!','binary','2020-02-08 19:11:50','2020-02-08 19:11:50'),
	(214,'What we achieve inwardly will change outer reality.','binary','2020-02-08 19:11:50','2020-02-08 19:11:50'),
	(215,'Our strength grows out of our weaknesses.','multiple','2020-02-08 19:11:50','2020-02-08 19:11:50'),
	(216,'We must become the change we want to see.','multiple','2020-02-08 19:11:50','2020-02-08 19:11:50'),
	(217,'Happiness is found in doing, not merely possessing.','multiple','2020-02-08 19:11:50','2020-02-08 19:11:50'),
	(218,'Put your future in good hands  your own.','binary','2020-02-08 19:11:50','2020-02-08 19:11:50'),
	(219,'We choose our destiny in the way we treat others.','multiple','2020-02-08 19:11:50','2020-02-08 19:11:50'),
	(220,'Time is the most valuable thing a man can spend.','multiple','2020-02-08 19:11:50','2020-02-08 19:11:50'),
	(221,'No snowflake in an avalanche ever feels responsible.','multiple','2020-02-08 19:11:50','2020-02-08 19:11:50'),
	(222,'Smile, breathe, and go slowly.','multiple','2020-02-08 19:11:50','2020-02-08 19:11:50'),
	(223,'Fortune favours the brave.','binary','2020-02-08 19:11:50','2020-02-08 19:11:50'),
	(224,'I believe in one thing only, the power of human will.','binary','2020-02-08 19:11:50','2020-02-08 19:11:50'),
	(225,'The more you know yourself, the more you forgive yourself.','multiple','2020-02-08 19:11:50','2020-02-08 19:11:50'),
	(226,'The best way out is always through.','multiple','2020-02-08 19:11:50','2020-02-08 19:11:50'),
	(227,'The mind unlearns with difficulty what it has long learned.','multiple','2020-02-08 19:11:50','2020-02-08 19:11:50'),
	(228,'I destroy my enemies when I make them my friends.','multiple','2020-02-08 19:11:50','2020-02-08 19:11:50'),
	(229,'No garden is without its weeds.','multiple','2020-02-08 19:11:50','2020-02-08 19:11:50'),
	(230,'There is no failure except in no longer trying.','multiple','2020-02-08 19:11:50','2020-02-08 19:11:50'),
	(231,'Kind words will unlock an iron door.','multiple','2020-02-08 19:11:50','2020-02-08 19:11:50'),
	(232,'Problems are only opportunities with thorns on them.','multiple','2020-02-08 19:11:50','2020-02-08 19:11:50'),
	(233,'Life is just a chance to grow a soul.','multiple','2020-02-08 19:11:50','2020-02-08 19:11:50'),
	(234,'Reality does not conform to the ideal, but confirms it.','multiple','2020-02-08 19:11:50','2020-02-08 19:11:50'),
	(235,'If you can dream it, you can do it.','binary','2020-02-08 19:11:50','2020-02-08 19:11:50'),
	(236,'Mountains cannot be surmounted except by winding paths.','multiple','2020-02-08 19:11:50','2020-02-08 19:11:50'),
	(237,'May our hearts garden of awakening bloom with hundreds of flowers.','binary','2020-02-08 19:11:50','2020-02-08 19:11:50'),
	(238,'Nobody will believe in you unless you believe in yourself.','multiple','2020-02-08 19:11:50','2020-02-08 19:11:50'),
	(239,'Fortune befriends the bold.','binary','2020-02-08 19:11:50','2020-02-08 19:11:50'),
	(240,'Keep true to the dreams of thy youth.','multiple','2020-02-08 19:11:50','2020-02-08 19:11:50'),
	(241,'You\'re never a loser until you quit trying.','binary','2020-02-08 19:11:50','2020-02-08 19:11:50'),
	(242,'Science is organized knowledge. Wisdom is organized life.','binary','2020-02-08 19:11:50','2020-02-08 19:11:50'),
	(243,'Knowing is not enough; we must apply!','multiple','2020-02-08 19:11:50','2020-02-08 19:11:50'),
	(244,'Strong beliefs win strong men, and then make them stronger.','binary','2020-02-08 19:11:50','2020-02-08 19:11:50'),
	(245,'Autumn is a second spring when every leaf is a flower.','binary','2020-02-08 19:11:50','2020-02-08 19:11:50'),
	(246,'If you surrender to the wind, you can ride it.','binary','2020-02-08 19:11:50','2020-02-08 19:11:50'),
	(247,'Character develops itself in the stream of life.','multiple','2020-02-08 19:11:50','2020-02-08 19:11:50'),
	(248,'We must become the change we want to see.','binary','2020-02-08 19:11:50','2020-02-08 19:11:50'),
	(249,'Keep yourself to the sunshine and you cannot see the shadow.','binary','2020-02-08 19:11:50','2020-02-08 19:11:50'),
	(250,'Write your plans in pencil and give God the eraser.','multiple','2020-02-08 19:11:50','2020-02-08 19:11:50'),
	(251,'Inspiration exists, but it has to find us working.','binary','2020-02-08 19:11:50','2020-02-08 19:11:50'),
	(252,'All serious daring starts from within.','multiple','2020-02-08 19:11:50','2020-02-08 19:11:50'),
	(253,'Pick battles big enough to matter, small enough to win.','multiple','2020-02-08 19:11:50','2020-02-08 19:11:50'),
	(254,'Don\'t compromise yourself. You are all you\'ve got.','binary','2020-02-08 19:11:50','2020-02-08 19:11:50'),
	(255,'He that is giddy thinks the world turns round.','multiple','2020-02-08 19:11:50','2020-02-08 19:11:50'),
	(256,'A short saying oft contains much wisdom.','binary','2020-02-08 19:11:50','2020-02-08 19:11:50'),
	(257,'Difficulties are things that show a person what they are.','binary','2020-02-08 19:11:50','2020-02-08 19:11:50'),
	(258,'When you doubt your power, you give power to your doubt.','binary','2020-02-08 19:11:50','2020-02-08 19:11:50'),
	(259,'The cause is hidden. The effect is visible to all.','multiple','2020-02-08 19:11:50','2020-02-08 19:11:50'),
	(260,'A weed is no more than a flower in disguise.','binary','2020-02-08 19:11:50','2020-02-08 19:11:50'),
	(261,'Keep true to the dreams of thy youth.','multiple','2020-02-08 19:11:50','2020-02-08 19:11:50'),
	(262,'A prudent question is one half of wisdom.','binary','2020-02-08 19:11:50','2020-02-08 19:11:50'),
	(263,'The path to success is to take massive, determined action.','binary','2020-02-08 19:11:50','2020-02-08 19:11:50'),
	(264,'I allow my intuition to lead my path.','binary','2020-02-08 19:11:50','2020-02-08 19:11:50'),
	(265,'Nature takes away any faculty that is not used.','multiple','2020-02-08 19:11:50','2020-02-08 19:11:50'),
	(266,'All our knowledge has its origins in our perceptions.','multiple','2020-02-08 19:11:50','2020-02-08 19:11:50'),
	(267,'If the shoe doesn\'t fit, must we change the foot?','binary','2020-02-08 19:11:50','2020-02-08 19:11:50'),
	(268,'Life shrinks or expands in proportion to one\'s courage.','multiple','2020-02-08 19:11:50','2020-02-08 19:11:50'),
	(269,'May our hearts garden of awakening bloom with hundreds of flowers.','binary','2020-02-08 19:11:50','2020-02-08 19:11:50'),
	(270,'If you wish to be a writer, write.','binary','2020-02-08 19:11:50','2020-02-08 19:11:50'),
	(271,'Today is the tomorrow we worried about yesterday.','binary','2020-02-08 19:11:50','2020-02-08 19:11:50'),
	(272,'There is no way to prosperity, prosperity is the way.','multiple','2020-02-08 19:11:50','2020-02-08 19:11:50'),
	(273,'Talk doesn\'t cook rice.','binary','2020-02-08 19:11:50','2020-02-08 19:11:50'),
	(274,'Wherever you go, go with all your heart.','multiple','2020-02-08 19:11:50','2020-02-08 19:11:50'),
	(275,'Either you run the day or the day runs you.','binary','2020-02-08 19:11:50','2020-02-08 19:11:50'),
	(276,'Write your plans in pencil and give God the eraser.','binary','2020-02-08 19:11:50','2020-02-08 19:11:50'),
	(277,'Better be ignorant of a matter than half know it.','multiple','2020-02-08 19:11:50','2020-02-08 19:11:50'),
	(278,'Follow your instincts. That is where true wisdom manifests itself.','multiple','2020-02-08 19:11:50','2020-02-08 19:11:50'),
	(279,'There never was a good knife made of bad steel.','binary','2020-02-08 19:11:50','2020-02-08 19:11:50'),
	(280,'To accomplish great things, we must dream as well as act.','binary','2020-02-08 19:11:50','2020-02-08 19:11:50'),
	(281,'Patience is the companion of wisdom.','binary','2020-02-08 19:11:50','2020-02-08 19:11:50'),
	(282,'The mind is everything. What you think you become.','binary','2020-02-08 19:11:50','2020-02-08 19:11:50'),
	(283,'To enjoy life, we must touch much of it lightly.','multiple','2020-02-08 19:11:50','2020-02-08 19:11:50'),
	(284,'To fly, we have to have resistance.','binary','2020-02-08 19:11:50','2020-02-08 19:11:50'),
	(285,'The more you know yourself, the more you forgive yourself.','multiple','2020-02-08 19:11:50','2020-02-08 19:11:50');

/*!40000 ALTER TABLE `quotes` ENABLE KEYS */;
UNLOCK TABLES;


# Dump of table users
# ------------------------------------------------------------

DROP TABLE IF EXISTS `users`;

CREATE TABLE `users` (
  `id` bigint(20) unsigned NOT NULL AUTO_INCREMENT,
  `name` varchar(255) COLLATE utf8mb4_unicode_ci NOT NULL,
  `email` varchar(255) COLLATE utf8mb4_unicode_ci NOT NULL,
  `email_verified_at` timestamp NULL DEFAULT NULL,
  `password` varchar(255) COLLATE utf8mb4_unicode_ci NOT NULL,
  `remember_token` varchar(100) COLLATE utf8mb4_unicode_ci DEFAULT NULL,
  `created_at` timestamp NULL DEFAULT NULL,
  `updated_at` timestamp NULL DEFAULT NULL,
  PRIMARY KEY (`id`),
  UNIQUE KEY `users_email_unique` (`email`)
) ENGINE=InnoDB DEFAULT CHARSET=utf8mb4 COLLATE=utf8mb4_unicode_ci;




/*!40111 SET SQL_NOTES=@OLD_SQL_NOTES */;
/*!40101 SET SQL_MODE=@OLD_SQL_MODE */;
/*!40014 SET FOREIGN_KEY_CHECKS=@OLD_FOREIGN_KEY_CHECKS */;
/*!40101 SET CHARACTER_SET_CLIENT=@OLD_CHARACTER_SET_CLIENT */;
/*!40101 SET CHARACTER_SET_RESULTS=@OLD_CHARACTER_SET_RESULTS */;
/*!40101 SET COLLATION_CONNECTION=@OLD_COLLATION_CONNECTION */;
